id;isbn;page;hash;start_time
1;Islands;17318;knowledge user Research;2021-02-07T12:36:29
2;HTTP Credit Card Account Usability;75620;quantify;2021-02-07T04:58:41
3;tangible Hat;28797;Prairie;2021-02-06T23:50:11
4;innovate portal vortals;83815;panel;2021-02-06T18:08:50
5;Unbranded Concrete Chicken;71566;overriding;2021-02-06T21:40:16
6;alarm;9333;Ohio Square;2021-02-07T12:38:42
7;Towels Games Frozen;92321;Consultant connect;2021-02-07T04:50:12
8;Global Rand Namibia Dollar Fantastic;98329;Unbranded Ergonomic Steel Sausages Usability;2021-02-07T10:43:49
9;lavender;11573;Saudi Arabia XML;2021-02-07T07:04:23
10;Nauru Bacon;2274;Clothing;2021-02-06T20:51:41
